번호,지역,시군구,시설명,테마,선정연도,20선_2026,mapx,mapy,geocode_source,match_confidence,review_needed,tour_api_title,tour_api_addr,tour_api_candidates,geocoded_at,영업상태,site_scale
1,서울특별시,서울 동대문구,티테라피,한방,2017,O,127.0661461,37.5705841,manual,medium,False,,,주소 Nominatim 지오코딩(도로 수준); 최근 이전 확인됨(구 종로구→현 동대문구),2026-08-26T00:00:00+00:00,영업중,point
2,서울특별시,서울 중구,SPA 1899 동인비,뷰티/스파,2017,O,126.9845365,37.564762,manual,medium,False,동인비 명동지사,서울특별시 중구 퇴계로18길 10 (남산동1가),주소 Nominatim 지오코딩(도로 수준); 공식 홈페이지 주소 확인,2026-08-26T00:00:00+00:00,영업중,point
3,서울특별시,서울 송파구,여용국 한방스파,한방,2017,O,127.0799131,37.5083304,manual,high,False,,,Nominatim이 상호명까지 일치 확인; 등록 시군구(강남구)는 오류 — 실제 송파구,2026-08-26T00:00:00+00:00,영업중,point
4,서울특별시,서울 종로구,올리바인 스파,뷰티/스파,2017,,126.957352,37.5758553,manual,medium,False,,,주소 Nominatim 지오코딩(도로 수준); 등록 시군구(강남구)는 오류 — 실제 종로구,2026-08-26T00:00:00+00:00,영업중,point
5,서울특별시,서울 광진구,비스타 워커힐 웰니스클럽,힐링/명상,2018,,127.10351,37.54753,manual,medium,False,비스타 워커힐 서울,서울특별시 광진구 워커힐로 177,주소 Nominatim 지오코딩(도로 수준); 워커힐호텔 투숙객 전용시설,2026-08-26T00:00:00+00:00,영업중,point
6,부산광역시,부산 해운대구,스파랜드 센텀시티,뷰티/스파,2017,O,129.1290909,35.1686477,manual,high,False,센텀시티 스파랜드,부산광역시 해운대구 센텀남대로 35 (우동),공식 홈페이지(신세계) 좌표,2026-08-26T00:00:00+00:00,영업중,point
7,대구광역시,대구 달성군,리조트 스파밸리,스테이,2017,,128.636118269,35.7880124159,api,high,False,리조트 스파밸리,대구광역시 달성군 가창면 가창로 891,[query=리조트 스파밸리] ,2026-08-26T10:36:21.740567+00:00,영업중,point
8,인천광역시,인천 영종구 운서동,파라다이스시티 씨메르,뷰티/스파,2019,,126.4557445,37.4373461,manual,high,False,파라다이스시티,인천광역시 영종구 영종해안남로321번길 186 (운서동),"공식 홈페이지 좌표, 인근 역 실측좌표와 근접 일치",2026-08-26T00:00:00+00:00,영업중,point
9,울산광역시,울산 울주군,국립대운산치유의숲,자연/숲치유,2020,,129.2361566773,35.3901248944,api,high,False,국립대운산치유의숲,울산광역시 울주군 온양읍 대운상대길 225-92,[query=국립대운산치유의숲] ,2026-08-26T10:36:24.699870+00:00,영업중,point
10,경기도,경기 포천시,허브아일랜드 허브힐링센터,뷰티/스파,2017,,127.0882718,37.9663208,manual,medium,False,허브아일랜드,경기도 포천시 신북면 청신로947번길 51,"제3자 여행정보 사이트 좌표, 재검증 권장",2026-08-26T00:00:00+00:00,영업중,point
11,경기도,경기 고양시,아쿠아필드 고양,뷰티/스파,2018,,126.894778007781,37.64697705949799,api,high,False,아쿠아필드 고양,경기도 고양시 덕양구 고양대로 1955 (동산동),[query=아쿠아필드 고양] ,2026-08-26T10:36:27.649370+00:00,영업중,point
12,강원도,강원 홍천군,힐리언스 선마을,힐링/명상,2017,,127.630556517,37.650371342,api,high,False,힐리언스 선마을,강원특별자치도 홍천군 종자산길 122,[query=힐리언스 선마을] ,2026-08-26T10:36:28.681343+00:00,영업중,point
13,강원도,강원 동해시,동해무릉건강숲,자연/숲치유,2018,,129.03123685625,37.4650591568271,api,high,False,동해무릉건강숲,강원특별자치도 동해시 삼화로 455,[query=동해무릉건강숲] ,2026-08-26T10:36:29.723271+00:00,영업중,point
14,강원도,강원 정선군,파크로쉬 리조트앤웰니스,스테이,2018,O,128.6111602982,37.4747608816,api,high,False,파크로쉬 리조트앤웰니스(PARK ROCHE Resort&Wellness),강원특별자치도 정선군 북평면 중봉길 9-12,[query=파크로쉬 리조트앤웰니스] ,2026-08-26T10:36:30.769478+00:00,영업중,point
15,강원도,강원 원주시,뮤지엄SAN 명상관,힐링/명상,2019,,127.8195066,37.4103718,manual,medium,False,,,뮤지엄SAN 단지 대표주소 Nominatim 지오코딩(개별 건물 아님),2026-08-26T00:00:00+00:00,영업중,point
16,강원도,강원 평창군,용평리조트 발왕산,자연/숲치유,2019,,128.7024819,37.6646943,manual,medium,False,발왕산 관광케이블카,강원특별자치도 평창군 대관령면 올림픽로 715,올림픽로 도로 수준 지오코딩(정상부 개별시설 아님),2026-08-26T00:00:00+00:00,영업중,large
17,강원도,강원 양양군,오색그린야드호텔,뷰티/스파,2020,,128.447485231707,38.0802229864404,api,high,False,오색그린야드호텔,강원특별자치도 양양군 서면 대청봉길 34,[query=오색그린야드호텔] ,2026-08-26T10:36:37.451381+00:00,영업중,point
18,충청북도,충북 충주시,깊은산속 옹달샘,힐링/명상,2017,,127.751303677829,37.0255545163343,api,high,False,깊은산속 옹달샘,충청북도 충주시 노은면 우성1길 201-61,[query=깊은산속 옹달샘] ,2026-08-26T10:36:38.503829+00:00,영업중,point
19,충청북도,충북 제천시,포레스트 리솜 해브나인 힐링스파,뷰티/스파,2017,,128.0458724,37.1592178,manual,medium,False,리솜포레스트(제천),충청북도 제천시 백운면 금봉로 365,"공식 홈페이지 주소 확인, 좌표는 도로 수준",2026-08-26T00:00:00+00:00,영업중,large
20,충청남도,충남 태안군,팜카밀레,자연/숲치유,2018,,126.2803800495,36.6907243668,api,high,False,팜카밀레,충청남도 태안군 남면 우운길 56-19,[query=팜카밀레] ,2026-08-26T10:36:43.526728+00:00,영업중,point
21,충청남도,충남 아산시,파라다이스 스파 도고,뷰티/스파,2019,,126.88793315194,36.7655314530224,api,high,False,파라다이스 스파 도고,충청남도 아산시 도고면 도고온천로 176,[query=파라다이스 스파 도고] 파라다이스 스파 도고 캐빈 파크(충청남도 아산시 도고면 도고온천로 176),2026-08-26T10:36:44.590307+00:00,영업중,point
22,충청남도,충남 홍성군,에덴힐스 뷰티&힐링파크,뷰티/스파,2020,,126.5247,36.5765,manual,high,False,에덴힐스 힐링파크,충청남도 홍성군 서부면 와룡로126번길 76-64,사용자 직접 확인,2026-08-26T00:00:00+00:00,영업중,point
23,전라북도,전북 진안군,진안홍삼스파,뷰티/스파,2017,,127.4176,35.7761,manual,high,False,,,사용자 직접 확인,2026-08-26T00:00:00+00:00,"2025.05~ 휴장(위탁운영사 사용료 체납 후 리모델링), 2026년 재개장 예정",point
24,전라남도,전남 순천시,순천만국가정원&순천만습지,자연/숲치유,2017,,127.5022477,34.9273883,manual,medium,False,순천만국가정원,전남광주통합특별시 순천시 국가정원1호길 47 (오천동),국가정원 정문 도로 기준 지오코딩; 순천만습지는 별도 인접 위치,2026-08-26T00:00:00+00:00,영업중,point
25,전라남도,전남 장흥군,정남진 편백숲 우드랜드,자연/숲치유,2017,,126.9339887713,34.6683133286,api,high,False,정남진 편백숲 우드랜드,전남광주통합특별시 장흥군 장흥읍 우드랜드길 180,[query=정남진 편백숲 우드랜드] ,2026-08-26T10:36:52.307961+00:00,영업중,point
26,전라남도,전남 신안군,태평염전 해양힐링스파,자연/숲치유,2018,,126.1753774945,34.9939843962,api,high,False,태평염전 해양힐링스파,전남광주통합특별시 신안군 증도면 지도증도로 1083-4,[query=태평염전 해양힐링스파] ,2026-08-26T10:36:53.348355+00:00,영업중,point
27,전라남도,전남 보성군,전남권환경성질환예방관리센터,힐링/명상,2019,,126.9913,34.6918,manual,high,False,,,사용자 직접 확인,2026-08-26T00:00:00+00:00,영업중,point
28,전라남도,전남 장성군,국립장성숲체원,자연/숲치유,2020,,126.7514104709932,35.444047091831685,api,high,False,국립장성숲체원,전남광주통합특별시 장성군 북이면 방장로 353,[query=국립장성숲체원] ,2026-08-26T10:36:55.441986+00:00,영업중,point
29,경상북도,경북 영덕군,인문힐링센터 여명,힐링/명상,2020,,129.299119632139,36.5972714719633,api,high,False,인문힐링센터 여명,경상북도 영덕군 창수면 장육사1길 203,[query=인문힐링센터 여명] ,2026-08-26T10:36:56.477882+00:00,영업중,point
30,경상북도,경북 김천시,국립김천치유의숲,자연/숲치유,2020,,128.0022157885,35.8513702845,api,high,False,국립김천치유의숲,경상북도 김천시 증산면 수도길 1237-89,[query=국립김천치유의숲] ,2026-08-26T10:36:57.526571+00:00,영업중,point
31,경상북도,경북 영주시,국립산림치유원,자연/숲치유,2017,,128.472575420065,36.8577716071484,api,high,False,국립산림치유원,경상북도 영주시 봉현면 테라피로 209,[query=국립산림치유원] ,2026-08-26T10:36:58.599457+00:00,영업중,large
32,경상남도,경남 거창군,하늘호수,한방,2017,,127.8147948529,35.7838734845,api,high,False,하늘호수,경상남도 거창군 북상면 송계로 793,[query=하늘호수] 하늘호수(충청남도 태안군 안면읍 조운막터길 135)|하늘호수 키즈풀빌라(강원특별자치도 홍천군 북방면 노일로 336-5),2026-08-26T10:36:59.671206+00:00,영업중,point
33,경상남도,경남 산청군,산청 동의보감촌,한방,2017,,127.8293594394,35.4410659699,api,high,False,산청 동의보감촌,경상남도 산청군 금서면 동의보감로555번길 45-6,[query=산청 동의보감촌] ,2026-08-26T10:37:00.722262+00:00,영업중,point
34,경상남도,경남 거제시,한화리조트 거제 벨버디어 웰니스,힐링/명상,2019,,128.6770633,34.987811,manual,medium,False,한화리조트 거제 벨버디어,경상남도 거제시 장목면 거제북로 2501-40,장목면 도로 수준 지오코딩,2026-08-26T00:00:00+00:00,영업중,large
35,경상남도,경남 합천군,오도산 치유의 숲,자연/숲치유,2020,,128.056,35.6732,manual,high,False,오도산,경상남도 합천군 묘산면 산제리,사용자 직접 확인,2026-08-26T00:00:00+00:00,영업중,large
36,경상남도,경남 통영시,나폴리농원,자연/숲치유,2020,,128.42396663831897,34.80169460127727,api,high,False,나폴리농원,경상남도 통영시 산양읍 미륵산길 152,[query=나폴리농원] ,2026-08-26T10:37:05.713314+00:00,영업중,point
37,제주특별자치도,제주 서귀포시,WE호텔 웰니스센터,스테이,2017,O,126.444259,33.286079,manual,high,False,WE호텔,제주특별자치도 서귀포시 1100로 453-95,공식 홈페이지에 좌표 직접 명시,2026-08-26T00:00:00+00:00,영업중,point
38,제주특별자치도,제주 서귀포시,서귀포 치유의 숲,자연/숲치유,2018,,126.5261,33.2944,api,high,False,서귀포 치유의 숲,제주특별자치도 서귀포시 산록남로 2271,[query=서귀포 치유의 숲] ,2026-08-26T10:37:08.720709+00:00,영업중,point
39,제주특별자치도,제주 서귀포시,취다선 리조트,스테이,2019,,126.91270319146102,33.471847887441896,api,high,False,취다선 리조트,제주특별자치도 서귀포시 성산읍 해맞이해안로 2688,[query=취다선 리조트] 취다선리조트(취다선 리조트 Tea&Meditation)(제주특별자치도 서귀포시 성산읍 해맞이해안로 2688),2026-08-26T10:37:09.768197+00:00,영업중,point
40,서울특별시,서울 동대문구,서울한방진흥센터,한방,2021,,127.03720984153856,37.58061163308968,api,high,False,서울한방진흥센터,서울특별시 동대문구 약령중앙로 26 (제기동),[query=서울한방진흥센터] ,2026-08-26T10:37:10.811849+00:00,영업중,point
41,인천광역시,인천 영종구 운서동,더스파 앳 파라다이스,뷰티/스파,2021,O,126.4567,37.437,manual,medium,False,더 스파 앳 파라다이스,인천광역시 영종구 영종해안남로321번길 186,파라다이스시티 단지 대표점(건물 특정 아님),2026-08-26T00:00:00+00:00,영업중,point
42,강원도,강원 정선군,로미지안 가든,힐링/명상,2021,,128.6413,37.4427,manual,high,False,로미지안가든,강원특별자치도 정선군 북평면 어래길 20,사용자 직접 확인,2026-08-26T00:00:00+00:00,영업중,point
43,강원도,강원 정선군,하이원 리조트,자연/숲치유,2021,O,128.8218313,37.2122217,manual,high,False,하이원리조트,강원특별자치도 정선군 고한읍 하이원길 424,강원랜드/하이원그랜드호텔 공식주소 기준(리조트 대표시설),2026-08-26T00:00:00+00:00,영업중,large
44,경상북도,경북 울진군,금강송 에코리움,자연/숲치유,2021,,129.2123,36.9752,manual,high,False,금강송 캠핑장,경상북도 울진군 금강송면 십이령로 1105,사용자 직접 확인,2026-08-26T00:00:00+00:00,영업중,point
45,충청북도,충북 증평군,좌구산 자연휴양림,힐링/명상,2021,,127.6510807615,36.7055135253,api,high,False,좌구산 자연휴양림,충청북도 증평군 증평읍 솟점말길 107,[query=좌구산 자연휴양림] ,2026-08-26T10:37:20.510334+00:00,영업중,large
46,전라북도,전북 완주군,구이안덕건강힐링체험마을,한방,2021,,127.0970273,35.7015773,manual,medium,False,,,장파길 도로 수준 지오코딩,2026-08-26T00:00:00+00:00,영업중,point
47,서울특별시,서울 강서구,메이필드호텔 서울,힐링/명상,2022,,126.8194708,37.5478269,manual,high,False,메이필드호텔,서울특별시 강서구 방화대로21길 94,관광공사 공식 상세페이지 지도데이터,2026-08-26T00:00:00+00:00,영업중,point
48,서울특별시,서울 강남구,이문원한의원,한방,2022,O,127.04389700658533,37.51863735746294,api,high,False,이문원한의원,서울특별시 강남구 선릉로132길 33 (청담동),[query=이문원한의원] ,2026-08-26T10:37:24.564362+00:00,영업중,point
49,대구광역시,대구 수성구 만촌 3동,뷰라운지,뷰티/스파,2022,O,128.649611283701,35.8552527241055,api,high,False,에스투뷰텍 뷰라운지,대구광역시 수성구 달구벌대로528길 15 (만촌동),[query=뷰라운지] ,2026-08-26T10:37:25.635672+00:00,영업중,point
50,강원도,강원 동해시,동해보양온천컨벤션호텔,뷰티/스파,2022,O,129.1008707,37.536223,manual,medium,False,,,동해대로 도로 수준 지오코딩,2026-08-26T00:00:00+00:00,영업중,point
51,강원도,강원 양양군,설해원,뷰티/스파,2022,,128.662263,38.053926,api,high,False,설해원,강원특별자치도 양양군 손양면 공항로 230,[query=설해원] ,2026-08-26T10:37:27.734296+00:00,영업중,point
52,경상남도,경남 거창군,거창 항노화힐링랜드,자연/숲치유,2022,,128.04090441864636,35.736709673420194,api,high,False,거창 항노화힐링랜드,경상남도 거창군 가조면 의상봉길 834,[query=거창 항노화힐링랜드] ,2026-08-26T10:37:28.812170+00:00,영업중,point
53,전라북도,전북 무주군,태권도원 상징지구,힐링/명상,2022,,127.7620904,36.012521,manual,low,True,태권도원,전북특별자치도 무주군 설천면 무설로 1482,"무설로 도로 수준 지오코딩, 부지가 2.3㎢로 매우 넓어 대표점일 뿐",2026-08-26T00:00:00+00:00,영업중,large
54,제주특별자치도,제주 제주시,환상숲곶자왈공원,자연/숲치유,2022,O,126.262919972,33.322401864,api,high,False,환상숲곶자왈공원,제주특별자치도 제주시 한경면 녹차분재로 594-1,[query=환상숲곶자왈공원] ,2026-08-26T10:37:31.778650+00:00,영업중,point
55,제주특별자치도,제주 제주시,제주901,힐링/명상,2022,O,126.48627741278396,33.45289418805199,api,high,False,제주901,제주특별자치도 제주시 1100로 2977-10 (노형동),[query=제주901] ,2026-08-26T10:37:32.828364+00:00,영업중,point
56,강원도,강원 영월군,산림힐링재단(하이힐링원),힐링/명상,2023,,128.74309280429566,37.130239485355546,manual,high,False,하이힐링원,강원특별자치도 영월군 상동읍 섬지골길 113,"[fallback query=하이힐링원, 이름 일부만 일치 — 확인 필요] ",2026-08-26T10:37:33.868601+00:00,영업중,point
57,강원도,강원 삼척시,삼척 활기 치유의숲,자연/숲치유,2023,,129.0601049,37.3819536,manual,high,False,삼척 궁촌리 음나무,강원특별자치도 삼척시 근덕면 궁촌리,"두 독립 출처(네이버지도 임베드, koreatriptips) 상호 교차검증됨",2026-08-26T00:00:00+00:00,영업중,point
58,경상남도,경남 양산시,숲애서,힐링/명상,2023,,129.2061651180594,35.417130338336605,api,high,False,숲애서,경상남도 양산시 탑골길 248 (용당동),[query=숲애서] ,2026-08-26T10:37:39.573519+00:00,영업중,point
59,경상북도,경북 칠곡군,국립칠곡숲체원,자연/숲치유,2023,,128.466009,36.064187,api,high,False,국립칠곡숲체원,경상북도 칠곡군 석적읍 유학로 532,[query=국립칠곡숲체원] ,2026-08-26T10:37:40.809884+00:00,영업중,point
60,광주광역시,광주 서구 치평동,테라피 스파 소베,뷰티/스파,2023,,126.84992041052304,35.151262181673985,api,high,False,테라피 스파 소베,전남광주통합특별시 서구 상무연하로 33  ,[query=테라피 스파 소베] ,2026-08-26T10:37:41.860570+00:00,영업중,point
61,인천광역시,인천 연수구 송도동,더 스파 하스타,뷰티/스파,2023,,126.64542642443732,37.39022508739128,api,high,False,더 스파 하스타,인천광역시 연수구 컨벤시아대로 153 (송도동),[query=더 스파 하스타] ,2026-08-26T10:37:42.902245+00:00,영업중,point
62,인천광역시,인천 영종구 을왕동,현대요트 인천,자연/숲치유,2023,,126.357802008969,37.4577045704636,api,high,False,현대요트 인천,인천광역시 영종구 왕산마리나길 143 (을왕동),[query=현대요트 인천] ,2026-08-26T10:37:43.944040+00:00,영업중,point
63,제주특별자치도,제주 제주시,제원 하늘농원,자연/숲치유,2023,,126.6676033,33.5014593,manual,medium,False,제원하늘농원,제주특별자치도 제주시 조천읍 대흘북길 72-5,대흘북길 도로 수준 지오코딩,2026-08-26T00:00:00+00:00,영업중,point
64,충청북도,충북 제천시,국립제천치유의숲,자연/숲치유,2023,,128.24477047267,37.0128263847435,api,high,False,국립제천치유의숲,충청북도 제천시 청풍면 학현소야로 590,[query=국립제천치유의숲] ,2026-08-26T10:37:46.916151+00:00,영업중,point
65,인천광역시,인천 강화군,금풍양조장,푸드,2024,O,126.4915,37.6395,api,high,False,금풍양조장,인천광역시 강화군 삼랑성길 8,[query=금풍양조장] ,2026-08-26T10:37:47.944029+00:00,영업중,point
66,인천광역시,인천 연수구,경원재,스테이,2024,,126.637812371658,37.3923037285802,api,high,False,경원재 바이 워커힐,인천광역시 연수구 테크노파크로 200,[query=경원재] ,2026-08-26T10:37:48.981622+00:00,영업중,point
67,경기도,경기 양평군,미리내 힐빙클럽,힐링/명상,2024,,127.6489746,37.4814701,manual,high,False,미리내성지,경기도 안성시 양성면 미리내성지로 420,triple.guide 실측좌표; 등록 시군구(안성시)는 오류 — 실제 양평군,2026-08-26T00:00:00+00:00,영업중,point
68,강원도,강원 원주시,오크밸리,자연/숲치유,2024,O,127.817510391761,37.4343228907739,api,high,False,오크밸리,강원특별자치도 원주시 지정면 오크밸리1길 66,[query=오크밸리] 강윤정프로샵 오크밸리점(강원특별자치도 원주시 지정면 구재로 216)|만나정 오크밸리본점(강원특별자치도 원주시 월송석화로 604)|오크밸리CC(강원특별자치도 원주시 지정면 오크밸리2길 58)|오크밸리스키장(강원특별자치도 원주시 지정면 오크밸리2길 58),2026-08-26T10:37:51.957391+00:00,영업중,point
69,경상북도,경북 영주시,소백산생태탐방원,자연/숲치유,2024,,128.6087829,36.9722199,manual,high,False,,,"triple.guide 실측좌표, 국립공원공단 운영 확인",2026-08-26T00:00:00+00:00,영업중,point
70,충청북도,충북 영동군,레인보우 힐링센터,힐링/명상,2024,,127.7855389063,36.1569345584,manual,high,False,레인보우힐링센터,충청북도 영동군 영동읍 영동힐링로 95,"[fallback query=레인보우, 이름 일부만 일치 — 확인 필요] 레인보우 서프(충청남도 태안군 소원면 만리포2길 182)|레인보우수상레저(경기도 가평군 설악면 유명로 2270)|레인보우순카페(충청북도 영동군 영동읍 영동힐링로 248)|레인보우식물원(충청북도 영동군 영동읍 영동힐링로 241-42)",2026-08-26T10:37:54.036839+00:00,영업중,point
71,전라북도,전북 완주군,아원고택,스테이,2024,O,127.2446237,35.9034698,manual,high,False,,전북특별자치도 완주군 소양면 송광수만로 516-7,공식 홈페이지(awon.kr) 주소와 일치,2026-08-26T00:00:00+00:00,영업중,point
72,전라북도,전북 순창군,쉴(SHIL)랜드,푸드,2024,,127.131587,35.4315465,manual,high,False,,전북특별자치도 순창군 인계면 인덕로 427-128,순창군 공식 페이지 주소와 일치,2026-08-26T00:00:00+00:00,영업중,point
73,전라남도,전남 완도군,완도 해양치유센터,자연/숲치유,2024,,126.8184347,34.3280485,manual,high,False,완도 청해진 유적,전라남도 완도군 신지면 내정2길 52-1,공식 사이트(wandohealing.or.kr) 주소와 일치,2026-08-26T00:00:00+00:00,영업중,point
74,대구광역시,대구 군위군,사유원,힐링/명상,2024,O,128.68116052869533,36.09215378391208,api,high,False,사유원,대구광역시 군위군 부계면 치산효령로 1176,[query=사유원] ,2026-08-26T10:38:02.689366+00:00,영업중,point
75,대구광역시,대구 수성구,한국전통문화체험관,푸드,2024,O,128.6519243,35.8573297,manual,medium,False,,,달구벌대로527길 도로 수준; 등록 시군구(남구)는 오류 — 실제 수성구,2026-08-26T00:00:00+00:00,영업중,point
76,부산광역시,부산 해운대구,클럽디오아시스,뷰티/스파,2024,O,129.1687869,35.1605562,manual,high,False,,,"공식 브랜드 확인, 엘시티 내 위치",2026-08-26T00:00:00+00:00,영업중,point
77,제주특별자치도,제주 서귀포시,JW 메리어트 제주,스테이,2024,O,126.538638,33.243844,api,high,False,JW 메리어트 제주 리조트 & 스파,제주특별자치도 서귀포시 태평로 152 (호근동),[query=JW 메리어트 제주] ,2026-08-26T10:38:05.841245+00:00,영업중,point
78,서울특별시,서울 서초구,하이디하우스,뷰티/스파,2025,,127.021814277629,37.467027639123046,api,high,False,하이디하우스,서울특별시 서초구 성촌4길 11 (우면동),[query=하이디하우스] 펜션 하이디하우스(강원특별자치도 평창군 봉평면 흥정계곡길 240),2026-08-26T10:38:06.880412+00:00,영업중,point
79,경기도,경기 평택시,트리비움,힐링/명상,2025,,127.1197931838997,37.14148668123705,api,high,False,트리비움,경기도 평택시 진위면 동천2길 175-4,[query=트리비움] ,2026-08-26T10:38:07.927624+00:00,영업중,point
80,인천광역시,인천 강화군,약석원,한방,2025,,126.4380114944012,37.69302698721634,api,high,False,약석원,인천광역시 강화군 양도면 중앙로787번길 56-53,[query=약석원] ,2026-08-26T10:38:08.970534+00:00,영업중,point
81,인천광역시,인천 영종구 영종1동,차덕분,푸드,2025,,126.5810067958,37.4923516349,api,high,False,차덕분 영종도본점,인천광역시 영종구 은하수로 12,[query=차덕분] ,2026-08-26T10:38:09.992900+00:00,영업중,point
82,경상남도,경남 하동군,하동야생차문화센터,힐링/명상,2025,,127.627607,35.1942415,manual,medium,False,,,쌍계로 도로 수준 지오코딩,2026-08-26T00:00:00+00:00,영업중,point
83,부산광역시,부산 기장군,에스엠비 웰니스 센터,뷰티/스파,2025,,129.243044732,35.2588823233,api,high,False,에스엠비 웰니스 센터,부산광역시 기장군 일광읍 학리등대로 34,[query=에스엠비 웰니스 센터] ,2026-08-26T10:38:12.244410+00:00,영업중,point
84,전북특별자치도,전북 고창군,고창웰파크시티,뷰티/스파,2025,,126.745545410739,35.4323007011639,api,high,False,고창웰파크시티,전북특별자치도 고창군 고창읍 석정2로 207-34,[query=고창웰파크시티] ,2026-08-26T10:38:13.284382+00:00,영업중,point
85,전라남도,전남 해남군,대흥사,힐링/명상,2025,,126.616626059748,34.4771444662938,api,high,False,대흥사(해남),전남광주통합특별시 해남군 삼산면 대흥사길 400,"[query=대흥사] 대흥사(단양)(충청북도 단양군 대강면 황정산로 423)|대흥사(진천)(충청북도 진천군 진천읍 문진로 1300-80)|만세토록 허물어지지 않을 산, 두륜산과 대흥사를 가다()",2026-08-26T10:38:14.328266+00:00,영업중,point
86,전라남도,전남 장흥군,전라남도 마음건강치유센터,한방,2025,,126.95813245465364,34.67903050304121,api,high,False,전라남도 마음건강치유센터,전남광주통합특별시 장흥군 안양면 로하스로 121,[query=전라남도 마음건강치유센터] ,2026-08-26T10:38:15.369999+00:00,영업중,point
87,제주특별자치도,제주 제주시,교래자연휴양림,자연/숲치유,2025,,126.6667,33.4418,api,high,False,제주 교래자연휴양림,제주특별자치도 제주시 조천읍 남조로 2023,[query=교래자연휴양림] ,2026-08-26T10:38:16.419095+00:00,영업중,point
88,제주특별자치도,제주 서귀포시,해비치호텔앤드리조트,스테이,2025,,126.8447257,33.3231227,manual,high,False,,,공식 홈페이지(haevichi.com) 주소와 일치,2026-08-26T00:00:00+00:00,영업중,point
