번호,지역,시군구,시설명,테마,선정연도,20선_2026
1,서울특별시,서울 동대문구,티테라피,한방,2017,O
2,서울특별시,서울 중구,SPA 1899 동인비,뷰티/스파,2017,O
3,서울특별시,서울 송파구,여용국 한방스파,한방,2017,O
4,서울특별시,서울 종로구,올리바인 스파,뷰티/스파,2017,
5,서울특별시,서울 광진구,비스타 워커힐 웰니스클럽,힐링/명상,2018,
6,부산광역시,부산 해운대구,스파랜드 센텀시티,뷰티/스파,2017,O
7,대구광역시,대구 달성군,리조트 스파밸리,스테이,2017,
8,인천광역시,인천 영종구 운서동,파라다이스시티 씨메르,뷰티/스파,2019,
9,울산광역시,울산 울주군,국립대운산치유의숲,자연/숲치유,2020,
10,경기도,경기 포천시,허브아일랜드 허브힐링센터,뷰티/스파,2017,
11,경기도,경기 고양시,아쿠아필드 고양,뷰티/스파,2018,
12,강원도,강원 홍천군,힐리언스 선마을,힐링/명상,2017,
13,강원도,강원 동해시,동해무릉건강숲,자연/숲치유,2018,
14,강원도,강원 정선군,파크로쉬 리조트앤웰니스,스테이,2018,O
15,강원도,강원 원주시,뮤지엄SAN 명상관,힐링/명상,2019,
16,강원도,강원 평창군,용평리조트 발왕산,자연/숲치유,2019,
17,강원도,강원 양양군,오색그린야드호텔,뷰티/스파,2020,
18,충청북도,충북 충주시,깊은산속 옹달샘,힐링/명상,2017,
19,충청북도,충북 제천시,포레스트 리솜 해브나인 힐링스파,뷰티/스파,2017,
20,충청남도,충남 태안군,팜카밀레,자연/숲치유,2018,
21,충청남도,충남 아산시,파라다이스 스파 도고,뷰티/스파,2019,
22,충청남도,충남 홍성군,에덴힐스 뷰티&힐링파크,뷰티/스파,2020,
23,전라북도,전북 진안군,진안홍삼스파,뷰티/스파,2017,
24,전라남도,전남 순천시,순천만국가정원&순천만습지,자연/숲치유,2017,
25,전라남도,전남 장흥군,정남진 편백숲 우드랜드,자연/숲치유,2017,
26,전라남도,전남 신안군,태평염전 해양힐링스파,자연/숲치유,2018,
27,전라남도,전남 보성군,전남권환경성질환예방관리센터,힐링/명상,2019,
28,전라남도,전남 장성군,국립장성숲체원,자연/숲치유,2020,
29,경상북도,경북 영덕군,인문힐링센터 여명,힐링/명상,2020,
30,경상북도,경북 김천시,국립김천치유의숲,자연/숲치유,2020,
31,경상북도,경북 영주시,국립산림치유원,자연/숲치유,2017,
32,경상남도,경남 거창군,하늘호수,한방,2017,
33,경상남도,경남 산청군,산청 동의보감촌,한방,2017,
34,경상남도,경남 거제시,한화리조트 거제 벨버디어 웰니스,힐링/명상,2019,
35,경상남도,경남 합천군,오도산 치유의 숲,자연/숲치유,2020,
36,경상남도,경남 통영시,나폴리농원,자연/숲치유,2020,
37,제주특별자치도,제주 서귀포시,WE호텔 웰니스센터,스테이,2017,O
38,제주특별자치도,제주 서귀포시,서귀포 치유의 숲,자연/숲치유,2018,
39,제주특별자치도,제주 서귀포시,취다선 리조트,스테이,2019,
40,서울특별시,서울 동대문구,서울한방진흥센터,한방,2021,
41,인천광역시,인천 영종구 운서동,더스파 앳 파라다이스,뷰티/스파,2021,O
42,강원도,강원 정선군,로미지안 가든,힐링/명상,2021,
43,강원도,강원 정선군,하이원 리조트,자연/숲치유,2021,O
44,경상북도,경북 울진군,금강송 에코리움,자연/숲치유,2021,
45,충청북도,충북 증평군,좌구산 자연휴양림,힐링/명상,2021,
46,전라북도,전북 완주군,구이안덕건강힐링체험마을,한방,2021,
47,서울특별시,서울 강서구,메이필드호텔 서울,힐링/명상,2022,
48,서울특별시,서울 강남구,이문원한의원,한방,2022,O
49,대구광역시,대구 수성구 만촌 3동,뷰라운지,뷰티/스파,2022,O
50,강원도,강원 동해시,동해보양온천컨벤션호텔,뷰티/스파,2022,O
51,강원도,강원 양양군,설해원,뷰티/스파,2022,
52,경상남도,경남 거창군,거창 항노화힐링랜드,자연/숲치유,2022,
53,전라북도,전북 무주군,태권도원 상징지구,힐링/명상,2022,
54,제주특별자치도,제주 제주시,환상숲곶자왈공원,자연/숲치유,2022,O
55,제주특별자치도,제주 제주시,제주901,힐링/명상,2022,O
56,강원도,강원 영월군,산림힐링재단(하이힐링원),힐링/명상,2023,
57,강원도,강원 삼척시,삼척 활기 치유의숲,자연/숲치유,2023,
58,경상남도,경남 양산시,숲애서,힐링/명상,2023,
59,경상북도,경북 칠곡군,국립칠곡숲체원,자연/숲치유,2023,
60,광주광역시,광주 서구 치평동,테라피 스파 소베,뷰티/스파,2023,
61,인천광역시,인천 연수구 송도동,더 스파 하스타,뷰티/스파,2023,
62,인천광역시,인천 영종구 을왕동,현대요트 인천,자연/숲치유,2023,
63,제주특별자치도,제주 제주시,제원 하늘농원,자연/숲치유,2023,
64,충청북도,충북 제천시,국립제천치유의숲,자연/숲치유,2023,
65,인천광역시,인천 강화군,금풍양조장,푸드,2024,O
66,인천광역시,인천 연수구,경원재,스테이,2024,
67,경기도,경기 양평군,미리내 힐빙클럽,힐링/명상,2024,
68,강원도,강원 원주시,오크밸리,자연/숲치유,2024,O
69,경상북도,경북 영주시,소백산생태탐방원,자연/숲치유,2024,
70,충청북도,충북 영동군,레인보우 힐링센터,힐링/명상,2024,
71,전라북도,전북 완주군,아원고택,스테이,2024,O
72,전라북도,전북 순창군,쉴(SHIL)랜드,푸드,2024,
73,전라남도,전남 완도군,완도 해양치유센터,자연/숲치유,2024,
74,대구광역시,대구 군위군,사유원,힐링/명상,2024,O
75,대구광역시,대구 수성구,한국전통문화체험관,푸드,2024,O
76,부산광역시,부산 해운대구,클럽디오아시스,뷰티/스파,2024,O
77,제주특별자치도,제주 서귀포시,JW 메리어트 제주,스테이,2024,O
78,서울특별시,서울 서초구,하이디하우스,뷰티/스파,2025,
79,경기도,경기 평택시,트리비움,힐링/명상,2025,
80,인천광역시,인천 강화군,약석원,한방,2025,
81,인천광역시,인천 영종구 영종1동,차덕분,푸드,2025,
82,경상남도,경남 하동군,하동야생차문화센터,힐링/명상,2025,
83,부산광역시,부산 기장군,에스엠비 웰니스 센터,뷰티/스파,2025,
84,전북특별자치도,전북 고창군,고창웰파크시티,뷰티/스파,2025,
85,전라남도,전남 해남군,대흥사,힐링/명상,2025,
86,전라남도,전남 장흥군,전라남도 마음건강치유센터,한방,2025,
87,제주특별자치도,제주 제주시,교래자연휴양림,자연/숲치유,2025,
88,제주특별자치도,제주 서귀포시,해비치호텔앤드리조트,스테이,2025,
